date,open,high,low,close,volume,ma50,ma200
2025-12-30 14:25:00,4.34,4.35,4.34,4.35,105200,,
2025-12-30 14:30:00,4.34,4.35,4.34,4.35,93000,,
2025-12-30 14:35:00,4.34,4.35,4.33,4.33,197900,,
2025-12-30 14:40:00,4.34,4.34,4.33,4.33,93000,,
2025-12-30 14:45:00,4.33,4.34,4.32,4.32,383500,,
2025-12-30 14:50:00,4.33,4.33,4.32,4.33,243500,,
2025-12-30 14:55:00,4.32,4.33,4.32,4.32,327200,,
2025-12-30 15:00:00,4.33,4.34,4.32,4.34,582200,,
2025-12-31 09:35:00,4.34,4.36,4.32,4.32,547900,,
2025-12-31 09:40:00,4.32,4.32,4.31,4.32,369600,,
2025-12-31 09:45:00,4.31,4.32,4.3,4.3,544100,,
2025-12-31 09:50:00,4.31,4.31,4.3,4.31,254100,,
2025-12-31 09:55:00,4.3,4.32,4.3,4.3,558600,,
2025-12-31 10:00:00,4.3,4.31,4.28,4.29,1005400,,
2025-12-31 10:05:00,4.29,4.29,4.26,4.28,1133300,,
2025-12-31 10:10:00,4.28,4.29,4.27,4.28,300400,,
2025-12-31 10:15:00,4.28,4.29,4.27,4.29,331300,,
2025-12-31 10:20:00,4.28,4.29,4.28,4.28,71500,,
2025-12-31 10:25:00,4.28,4.3,4.28,4.29,306500,,
2025-12-31 10:30:00,4.29,4.31,4.29,4.31,166600,,
2025-12-31 10:35:00,4.3,4.31,4.3,4.31,99000,,
2025-12-31 10:40:00,4.3,4.32,4.3,4.31,317700,,
2025-12-31 10:45:00,4.32,4.32,4.31,4.32,163600,,
2025-12-31 10:50:00,4.32,4.33,4.31,4.32,128100,,
2025-12-31 10:55:00,4.32,4.33,4.32,4.32,27300,,
2025-12-31 11:00:00,4.32,4.33,4.31,4.31,152800,,
2025-12-31 11:05:00,4.32,4.33,4.31,4.32,133300,,
2025-12-31 11:10:00,4.32,4.33,4.31,4.31,118000,,
2025-12-31 11:15:00,4.31,4.32,4.31,4.31,56600,,
2025-12-31 11:20:00,4.31,4.33,4.31,4.32,124900,,
2025-12-31 11:25:00,4.32,4.33,4.31,4.32,45300,,
2025-12-31 11:30:00,4.31,4.32,4.31,4.31,54100,,
2025-12-31 13:05:00,4.31,4.32,4.31,4.32,144900,,
2025-12-31 13:10:00,4.31,4.32,4.3,4.31,97800,,
2025-12-31 13:15:00,4.31,4.32,4.31,4.31,103100,,
2025-12-31 13:20:00,4.31,4.33,4.31,4.33,165900,,
2025-12-31 13:25:00,4.32,4.33,4.32,4.33,60000,,
2025-12-31 13:30:00,4.33,4.33,4.32,4.33,132700,,
2025-12-31 13:35:00,4.33,4.33,4.31,4.33,132700,,
2025-12-31 13:40:00,4.32,4.33,4.32,4.33,78500,,
2025-12-31 13:45:00,4.33,4.33,4.31,4.32,147700,,
2025-12-31 13:50:00,4.33,4.33,4.32,4.32,133000,,
2025-12-31 13:55:00,4.32,4.33,4.32,4.32,59600,,
2025-12-31 14:00:00,4.32,4.33,4.31,4.32,280800,,
2025-12-31 14:05:00,4.32,4.33,4.31,4.32,77200,,
2025-12-31 14:10:00,4.32,4.33,4.32,4.33,240700,,
2025-12-31 14:15:00,4.32,4.33,4.32,4.32,87000,,
2025-12-31 14:20:00,4.32,4.33,4.32,4.33,48600,,
2025-12-31 14:25:00,4.32,4.33,4.32,4.32,83800,,
2025-12-31 14:30:00,4.32,4.33,4.32,4.32,184600,4.3166,
2025-12-31 14:35:00,4.32,4.33,4.31,4.32,256100,4.316,
2025-12-31 14:40:00,4.31,4.32,4.31,4.31,89400,4.315200000000001,
2025-12-31 14:45:00,4.31,4.32,4.31,4.31,231800,4.3148,
2025-12-31 14:50:00,4.32,4.33,4.31,4.32,627400,4.3146,
2025-12-31 14:55:00,4.32,4.33,4.31,4.32,438200,4.3145999999999995,
2025-12-31 15:00:00,4.33,4.33,4.32,4.32,419000,4.3144,
2026-01-05 09:35:00,4.32,4.34,4.3,4.31,813118,4.3142,
2026-01-05 09:40:00,4.31,4.32,4.3,4.31,459000,4.3136,
2026-01-05 09:45:00,4.31,4.33,4.3,4.32,633400,4.3136,
2026-01-05 09:50:00,4.32,4.33,4.31,4.33,487000,4.3138,
2026-01-05 09:55:00,4.34,4.35,4.32,4.34,468700,4.3145999999999995,
2026-01-05 10:00:00,4.34,4.35,4.33,4.34,483300,4.315200000000001,
2026-01-05 10:05:00,4.34,4.35,4.34,4.34,152600,4.316,
2026-01-05 10:10:00,4.34,4.35,4.34,4.35,177400,4.317200000000001,
2026-01-05 10:15:00,4.35,4.35,4.33,4.34,366900,4.3184000000000005,
2026-01-05 10:20:00,4.34,4.34,4.33,4.34,80300,4.3196,
2026-01-05 10:25:00,4.34,4.35,4.33,4.34,117000,4.3206,
2026-01-05 10:30:00,4.34,4.35,4.34,4.35,12700,4.322,
2026-01-05 10:35:00,4.34,4.35,4.34,4.35,80900,4.3232,
2026-01-05 10:40:00,4.35,4.35,4.34,4.35,43300,4.324,
2026-01-05 10:45:00,4.35,4.35,4.33,4.34,579300,4.3246,
2026-01-05 10:50:00,4.34,4.35,4.33,4.35,164300,4.3254,
2026-01-05 10:55:00,4.35,4.35,4.34,4.35,67000,4.326,
2026-01-05 11:00:00,4.35,4.35,4.34,4.35,42000,4.3266,
2026-01-05 11:05:00,4.35,4.35,4.34,4.34,111400,4.327,
2026-01-05 11:10:00,4.35,4.35,4.34,4.35,11900,4.3278,
2026-01-05 11:15:00,4.34,4.35,4.34,4.35,102600,4.3284,
2026-01-05 11:20:00,4.35,4.35,4.34,4.35,36200,4.3292,
2026-01-05 11:25:00,4.34,4.35,4.34,4.35,83000,4.33,
2026-01-05 11:30:00,4.34,4.35,4.34,4.34,69400,4.3304,
2026-01-05 13:05:00,4.34,4.35,4.34,4.35,107900,4.3309999999999995,
2026-01-05 13:10:00,4.35,4.35,4.34,4.35,33700,4.331799999999999,
2026-01-05 13:15:00,4.34,4.35,4.34,4.35,148900,4.3324,
2026-01-05 13:20:00,4.35,4.35,4.34,4.35,98400,4.3332,
2026-01-05 13:25:00,4.35,4.35,4.34,4.34,46500,4.3338,
2026-01-05 13:30:00,4.34,4.35,4.34,4.34,57700,4.334,
2026-01-05 13:35:00,4.35,4.35,4.34,4.35,92000,4.3344,
2026-01-05 13:40:00,4.35,4.35,4.34,4.35,414700,4.3348,
2026-01-05 13:45:00,4.35,4.35,4.34,4.35,126900,4.3351999999999995,
2026-01-05 13:50:00,4.34,4.35,4.34,4.34,34200,4.3354,
2026-01-05 13:55:00,4.34,4.35,4.34,4.35,210100,4.335999999999999,
2026-01-05 14:00:00,4.35,4.35,4.34,4.34,96300,4.3364,
2026-01-05 14:05:00,4.35,4.35,4.34,4.35,252400,4.337,
2026-01-05 14:10:00,4.35,4.35,4.34,4.34,57000,4.3374,
2026-01-05 14:15:00,4.34,4.35,4.34,4.35,265000,4.337999999999999,
2026-01-05 14:20:00,4.34,4.35,4.34,4.35,147000,4.3384,
2026-01-05 14:25:00,4.35,4.35,4.34,4.35,160100,4.3389999999999995,
2026-01-05 14:30:00,4.34,4.35,4.34,4.35,91000,4.3394,
2026-01-05 14:35:00,4.34,4.35,4.33,4.33,851100,4.3396,
2026-01-05 14:40:00,4.33,4.34,4.33,4.34,89700,4.34,
2026-01-05 14:45:00,4.34,4.35,4.34,4.34,474800,4.3404,
2026-01-05 14:50:00,4.34,4.35,4.34,4.34,109500,4.340999999999999,
2026-01-05 14:55:00,4.34,4.35,4.34,4.34,525200,4.3416,
2026-01-05 15:00:00,4.35,4.36,4.35,4.35,552200,4.3422,
2026-01-06 09:35:00,4.36,4.37,4.33,4.36,654900,4.343,
2026-01-06 09:40:00,4.36,4.37,4.35,4.37,364300,4.343999999999999,
2026-01-06 09:45:00,4.37,4.37,4.35,4.36,267700,4.345,
2026-01-06 09:50:00,4.35,4.36,4.35,4.35,233800,4.3458,
2026-01-06 09:55:00,4.36,4.37,4.35,4.36,676100,4.3466,
2026-01-06 10:00:00,4.36,4.38,4.36,4.37,782400,4.3474,
2026-01-06 10:05:00,4.37,4.38,4.36,4.37,294500,4.348,
2026-01-06 10:10:00,4.37,4.37,4.36,4.37,244600,4.348599999999999,
2026-01-06 10:15:00,4.37,4.37,4.36,4.37,156100,4.3492,
2026-01-06 10:20:00,4.37,4.38,4.36,4.37,410700,4.3496,
2026-01-06 10:25:00,4.37,4.37,4.36,4.36,192200,4.35,
2026-01-06 10:30:00,4.36,4.37,4.36,4.37,134000,4.350599999999999,
2026-01-06 10:35:00,4.36,4.37,4.36,4.36,204600,4.351,
2026-01-06 10:40:00,4.36,4.37,4.35,4.35,592700,4.351,
2026-01-06 10:45:00,4.35,4.36,4.35,4.36,183600,4.3512,
2026-01-06 10:50:00,4.36,4.36,4.35,4.35,98500,4.3512,
2026-01-06 10:55:00,4.36,4.37,4.36,4.36,344200,4.3515999999999995,
2026-01-06 11:00:00,4.36,4.37,4.36,4.36,47600,4.3518,
2026-01-06 11:05:00,4.37,4.37,4.36,4.37,690000,4.3522,
2026-01-06 11:10:00,4.37,4.38,4.37,4.38,55000,4.352799999999999,
2026-01-06 11:15:00,4.37,4.38,4.36,4.37,539100,4.353400000000001,
2026-01-06 11:20:00,4.37,4.38,4.37,4.37,181500,4.3538,
2026-01-06 11:25:00,4.37,4.38,4.37,4.37,333000,4.3542,
2026-01-06 11:30:00,4.38,4.38,4.37,4.38,204100,4.3548,
2026-01-06 13:05:00,4.37,4.38,4.37,4.38,217500,4.3554,
2026-01-06 13:10:00,4.37,4.39,4.37,4.38,793500,4.3562,
2026-01-06 13:15:00,4.38,4.38,4.37,4.37,81200,4.3566,
2026-01-06 13:20:00,4.37,4.39,4.37,4.38,244200,4.357200000000001,
2026-01-06 13:25:00,4.39,4.39,4.38,4.39,111300,4.358,
2026-01-06 13:30:00,4.38,4.39,4.38,4.38,43600,4.358599999999999,
2026-01-06 13:35:00,4.38,4.39,4.38,4.38,330100,4.3594,
2026-01-06 13:40:00,4.38,4.39,4.38,4.38,193800,4.3602,
2026-01-06 13:45:00,4.38,4.38,4.37,4.37,472700,4.3606,
2026-01-06 13:50:00,4.37,4.38,4.37,4.38,117800,4.3612,
2026-01-06 13:55:00,4.37,4.38,4.37,4.37,176200,4.3616,
2026-01-06 14:00:00,4.38,4.38,4.37,4.38,106400,4.3624,
2026-01-06 14:05:00,4.38,4.39,4.37,4.39,468900,4.3632,
2026-01-06 14:10:00,4.39,4.39,4.38,4.39,99800,4.3642,
2026-01-06 14:15:00,4.38,4.39,4.38,4.39,103100,4.365,
2026-01-06 14:20:00,4.38,4.39,4.38,4.39,137500,4.3660000000000005,
2026-01-06 14:25:00,4.38,4.39,4.38,4.39,209700,4.3668000000000005,
2026-01-06 14:30:00,4.39,4.39,4.38,4.38,153200,4.3674,
2026-01-06 14:35:00,4.38,4.39,4.38,4.39,64400,4.3682,
2026-01-06 14:40:00,4.38,4.39,4.38,4.38,987200,4.3688,
2026-01-06 14:45:00,4.39,4.39,4.38,4.38,161600,4.369800000000001,
2026-01-06 14:50:00,4.38,4.39,4.38,4.39,374800,4.3708,
2026-01-06 14:55:00,4.38,4.39,4.38,4.38,511100,4.3716,
2026-01-06 15:00:00,4.38,4.39,4.38,4.39,565800,4.3726,
2026-01-07 09:35:00,4.4,4.41,4.38,4.39,811600,4.3736,
2026-01-07 09:40:00,4.39,4.4,4.38,4.39,875900,4.3744,
2026-01-07 09:45:00,4.39,4.4,4.38,4.38,318900,4.3748,
2026-01-07 09:50:00,4.38,4.39,4.37,4.38,934500,4.375,
2026-01-07 09:55:00,4.38,4.38,4.36,4.36,626500,4.375,
2026-01-07 10:00:00,4.36,4.37,4.36,4.37,233200,4.3754,
2026-01-07 10:05:00,4.36,4.37,4.36,4.36,159700,4.3754,
2026-01-07 10:10:00,4.36,4.37,4.35,4.36,683000,4.3751999999999995,
2026-01-07 10:15:00,4.36,4.36,4.35,4.35,236300,4.3748000000000005,
2026-01-07 10:20:00,4.35,4.36,4.33,4.33,1649700,4.3740000000000006,
2026-01-07 10:25:00,4.34,4.34,4.33,4.33,232600,4.3732,
2026-01-07 10:30:00,4.33,4.34,4.32,4.33,936000,4.3724,
2026-01-07 10:35:00,4.34,4.34,4.33,4.33,201800,4.3718,
2026-01-07 10:40:00,4.33,4.34,4.33,4.33,360800,4.371,
2026-01-07 10:45:00,4.33,4.34,4.32,4.32,180800,4.3702,
2026-01-07 10:50:00,4.32,4.33,4.32,4.32,86500,4.3696,
2026-01-07 10:55:00,4.33,4.33,4.32,4.33,223400,4.369,
2026-01-07 11:00:00,4.33,4.33,4.32,4.33,173700,4.3686,
2026-01-07 11:05:00,4.33,4.33,4.32,4.32,63900,4.3678,
2026-01-07 11:10:00,4.33,4.34,4.32,4.34,411700,4.3674,
2026-01-07 11:15:00,4.34,4.34,4.33,4.33,79500,4.3666,
2026-01-07 11:20:00,4.33,4.34,4.32,4.33,178200,4.3656,
2026-01-07 11:25:00,4.34,4.34,4.33,4.34,202200,4.365,
2026-01-07 11:30:00,4.35,4.35,4.34,4.34,120400,4.3644,
2026-01-07 13:05:00,4.35,4.36,4.34,4.35,380400,4.364000000000001,
2026-01-07 13:10:00,4.35,4.36,4.35,4.36,90900,4.3636,
2026-01-07 13:15:00,4.35,4.36,4.35,4.35,30600,4.3629999999999995,
2026-01-07 13:20:00,4.35,4.36,4.35,4.35,131800,4.3624,
2026-01-07 13:25:00,4.35,4.35,4.34,4.34,101800,4.3618,
2026-01-07 13:30:00,4.34,4.35,4.33,4.33,253500,4.3608,
2026-01-07 13:35:00,4.33,4.34,4.33,4.34,82100,4.3598,
2026-01-07 13:40:00,4.34,4.34,4.33,4.33,149400,4.3588,
2026-01-07 13:45:00,4.33,4.34,4.32,4.32,547900,4.3576,
2026-01-07 13:50:00,4.32,4.33,4.32,4.32,63700,4.3564,
2026-01-07 13:55:00,4.33,4.33,4.32,4.33,280500,4.355599999999999,
2026-01-07 14:00:00,4.33,4.33,4.32,4.33,229800,4.3546,
2026-01-07 14:05:00,4.33,4.33,4.32,4.32,124400,4.353599999999999,
2026-01-07 14:10:00,4.33,4.33,4.32,4.32,128700,4.3524,
2026-01-07 14:15:00,4.32,4.34,4.32,4.33,428500,4.3512,
2026-01-07 14:20:00,4.33,4.34,4.32,4.32,304300,4.349799999999999,
2026-01-07 14:25:00,4.33,4.33,4.32,4.33,54100,4.3486,
2026-01-07 14:30:00,4.33,4.34,4.32,4.33,225200,4.3473999999999995,
2026-01-07 14:35:00,4.33,4.34,4.32,4.32,197200,4.346,
2026-01-07 14:40:00,4.32,4.33,4.32,4.33,164500,4.345,
2026-01-07 14:45:00,4.32,4.33,4.31,4.32,1057100,4.3436,
2026-01-07 14:50:00,4.31,4.32,4.31,4.32,522700,4.3424000000000005,
2026-01-07 14:55:00,4.31,4.32,4.31,4.31,490000,4.341,
2026-01-07 15:00:00,4.31,4.32,4.3,4.32,765400,4.339600000000001,4.34175
2026-01-08 09:35:00,4.3,4.32,4.3,4.32,968100,4.3384,4.3416
2026-01-08 09:40:00,4.32,4.34,4.32,4.33,587000,4.3372,4.3415
2026-01-08 09:45:00,4.33,4.33,4.32,4.32,215600,4.3358,4.34145
2026-01-08 09:50:00,4.33,4.35,4.32,4.34,667300,4.3348,4.3415
2026-01-08 09:55:00,4.35,4.36,4.34,4.35,567900,4.3342,4.3416500000000005
2026-01-08 10:00:00,4.35,4.36,4.34,4.35,382300,4.333600000000001,4.34175
2026-01-08 10:05:00,4.36,4.36,4.34,4.34,256900,4.3332,4.34185
2026-01-08 10:10:00,4.34,4.36,4.34,4.36,517600,4.333,4.34195
2026-01-08 10:15:00,4.35,4.36,4.35,4.36,97700,4.333,4.34215
2026-01-08 10:20:00,4.35,4.36,4.35,4.36,263100,4.333,4.34235
2026-01-08 10:25:00,4.36,4.38,4.36,4.37,1431000,4.3334,4.3427
2026-01-08 10:30:00,4.36,4.37,4.36,4.37,182600,4.334199999999999,4.343
2026-01-08 10:35:00,4.37,4.37,4.36,4.36,99300,4.3348,4.3433
2026-01-08 10:40:00,4.36,4.38,4.36,4.37,283800,4.3356,4.3437
2026-01-08 10:45:00,4.38,4.38,4.37,4.37,197200,4.3364,4.34415
2026-01-08 10:50:00,4.37,4.38,4.37,4.38,234600,4.3374,4.34465
2026-01-08 10:55:00,4.38,4.38,4.37,4.38,98800,4.3386000000000005,4.3450999999999995
2026-01-08 11:00:00,4.37,4.39,4.37,4.39,462400,4.34,4.34565
2026-01-08 11:05:00,4.38,4.38,4.37,4.38,389800,4.341,4.3461
2026-01-08 11:10:00,4.38,4.38,4.36,4.38,276300,4.3420000000000005,4.34645
2026-01-08 11:15:00,4.36,4.38,4.36,4.36,147500,4.3427999999999995,4.3467
2026-01-08 11:20:00,4.36,4.37,4.36,4.37,80300,4.3434,4.3469999999999995
2026-01-08 11:25:00,4.37,4.37,4.36,4.37,96600,4.3442,4.34725
2026-01-08 11:30:00,4.36,4.38,4.36,4.38,284200,4.3452,4.34755
2026-01-08 13:05:00,4.38,4.38,4.37,4.37,102800,4.3458,4.347799999999999
2026-01-08 13:10:00,4.38,4.38,4.37,4.38,113300,4.3466000000000005,4.34815
2026-01-08 13:15:00,4.37,4.38,4.37,4.38,104400,4.3472,4.34845
2026-01-08 13:20:00,4.38,4.39,4.37,4.39,1000800,4.3478,4.34885
2026-01-08 13:25:00,4.39,4.39,4.38,4.39,159800,4.3486,4.34925
2026-01-08 13:30:00,4.39,4.39,4.38,4.38,138500,4.3492,4.34955
2026-01-08 13:35:00,4.38,4.39,4.37,4.39,621000,4.3502,4.3499
2026-01-08 13:40:00,4.39,4.39,4.38,4.38,767100,4.3512,4.35025
2026-01-08 13:45:00,4.39,4.39,4.38,4.38,224600,4.352,4.35055
2026-01-08 13:50:00,4.39,4.39,4.38,4.38,114000,4.353,4.3509
2026-01-08 13:55:00,4.39,4.39,4.38,4.39,86400,4.3544,4.3513
2026-01-08 14:00:00,4.38,4.39,4.38,4.39,120600,4.3557999999999995,4.3516
2026-01-08 14:05:00,4.39,4.39,4.38,4.38,119100,4.3568,4.35185
2026-01-08 14:10:00,4.39,4.39,4.38,4.38,163000,4.3578,4.3521
2026-01-08 14:15:00,4.38,4.38,4.36,4.37,869800,4.3588,4.3523000000000005
2026-01-08 14:20:00,4.36,4.38,4.36,4.38,510800,4.36,4.35255
2026-01-08 14:25:00,4.38,4.38,4.37,4.38,54000,4.361000000000001,4.35285
2026-01-08 14:30:00,4.38,4.38,4.37,4.37,71200,4.362,4.3531
2026-01-08 14:35:00,4.38,4.38,4.37,4.38,807700,4.363,4.3534
2026-01-08 14:40:00,4.38,4.38,4.37,4.38,110800,4.364000000000001,4.3537
2026-01-08 14:45:00,4.38,4.39,4.37,4.38,796400,4.3652,4.354
2026-01-08 14:50:00,4.39,4.39,4.38,4.38,190400,4.3662,4.35425
2026-01-08 14:55:00,4.38,4.39,4.38,4.39,746600,4.3676,4.3546
2026-01-08 15:00:00,4.39,4.4,4.38,4.4,1012900,4.369199999999999,4.35495
2026-01-09 09:35:00,4.39,4.4,4.38,4.4,602700,4.3709999999999996,4.3553500000000005
2026-01-09 09:40:00,4.39,4.41,4.38,4.41,799200,4.3728,4.3557999999999995
2026-01-09 09:45:00,4.41,4.41,4.39,4.39,787100,4.3742,4.35615
2026-01-09 09:50:00,4.39,4.4,4.38,4.38,597800,4.3751999999999995,4.3565
2026-01-09 09:55:00,4.39,4.4,4.38,4.39,371400,4.3766,4.3568999999999996
2026-01-09 10:00:00,4.39,4.39,4.38,4.39,498600,4.3776,4.35725
2026-01-09 10:05:00,4.39,4.39,4.38,4.38,425600,4.3782,4.35755
2026-01-09 10:10:00,4.38,4.39,4.38,4.38,353000,4.3788,4.35785
2026-01-09 10:15:00,4.39,4.4,4.39,4.39,334500,4.3798,4.35825
2026-01-09 10:20:00,4.4,4.4,4.39,4.39,119700,4.3804,4.35865
2026-01-09 10:25:00,4.39,4.4,4.38,4.39,548400,4.381,4.359
2026-01-09 10:30:00,4.38,4.39,4.38,4.39,102600,4.3816,4.3593
2026-01-09 10:35:00,4.38,4.39,4.38,4.38,107100,4.381799999999999,4.3595
2026-01-09 10:40:00,4.38,4.39,4.38,4.39,82800,4.3822,4.35975
2026-01-09 10:45:00,4.38,4.4,4.38,4.39,356200,4.3828,4.36
2026-01-09 10:50:00,4.4,4.41,4.39,4.41,678200,4.3835999999999995,4.3603
2026-01-09 10:55:00,4.4,4.41,4.4,4.4,201000,4.3842,4.3606
2026-01-09 11:00:00,4.41,4.41,4.4,4.4,238800,4.3846,4.3609
2026-01-09 11:05:00,4.4,4.41,4.39,4.4,948300,4.385,4.3612
2026-01-09 11:10:00,4.39,4.4,4.38,4.38,739500,4.3848,4.36135
2026-01-09 11:15:00,4.39,4.41,4.38,4.4,549100,4.3852,4.361599999999999
2026-01-09 11:20:00,4.4,4.4,4.39,4.4,295100,4.3856,4.36185
2026-01-09 11:25:00,4.39,4.4,4.38,4.38,627700,4.386,4.36205
2026-01-09 11:30:00,4.38,4.39,4.37,4.38,205200,4.3862,4.3622
2026-01-09 13:05:00,4.38,4.38,4.36,4.36,409500,4.385999999999999,4.3622499999999995
2026-01-09 13:10:00,4.37,4.38,4.36,4.37,317700,4.3858,4.362349999999999
2026-01-09 13:15:00,4.38,4.4,4.37,4.39,636500,4.3862,4.3626
2026-01-09 13:20:00,4.39,4.4,4.38,4.38,482300,4.3862,4.36275
2026-01-09 13:25:00,4.39,4.39,4.38,4.38,83800,4.3862,4.3629
2026-01-09 13:30:00,4.38,4.39,4.38,4.38,24800,4.385999999999999,4.36305
2026-01-09 13:35:00,4.39,4.39,4.38,4.39,32300,4.386,4.36325
2026-01-09 13:40:00,4.39,4.39,4.38,4.38,47300,4.386,4.36345
2026-01-09 13:45:00,4.38,4.39,4.38,4.38,49200,4.3858,4.3636
2026-01-09 13:50:00,4.39,4.39,4.38,4.39,93300,4.385999999999999,4.3638
2026-01-09 13:55:00,4.39,4.39,4.38,4.39,166100,4.3862,4.364
2026-01-09 14:00:00,4.39,4.39,4.38,4.39,102100,4.3864,4.3642
2026-01-09 14:05:00,4.38,4.4,4.38,4.39,982900,4.3864,4.36445
2026-01-09 14:10:00,4.4,4.41,4.39,4.4,386600,4.3866000000000005,4.36475
2026-01-09 14:15:00,4.4,4.41,4.39,4.4,253200,4.387,4.365
2026-01-09 14:20:00,4.4,4.4,4.39,4.4,78100,4.3873999999999995,4.3652500000000005
2026-01-09 14:25:00,4.39,4.4,4.39,4.4,78500,4.388,4.3655
2026-01-09 14:30:00,4.4,4.4,4.39,4.4,77400,4.3884,4.3658
2026-01-09 14:35:00,4.4,4.4,4.39,4.39,79800,4.388599999999999,4.366
2026-01-09 14:40:00,4.39,4.4,4.39,4.39,197000,4.389,4.366249999999999
2026-01-09 14:45:00,4.39,4.41,4.39,4.39,589100,4.3892,4.36645
2026-01-09 14:50:00,4.4,4.41,4.39,4.4,343500,4.3896,4.36675
2026-01-09 14:55:00,4.4,4.41,4.39,4.41,701000,4.3902,4.36705
2026-01-09 15:00:00,4.4,4.41,4.4,4.41,1258100,4.3908,4.367349999999999
2026-01-12 09:35:00,4.41,4.42,4.4,4.41,1487700,4.3911999999999995,4.36765
2026-01-12 09:40:00,4.41,4.41,4.4,4.41,452600,4.391400000000001,4.36795
2026-01-12 09:45:00,4.4,4.41,4.39,4.4,634400,4.3914,4.3683
2026-01-12 09:50:00,4.41,4.41,4.4,4.4,249700,4.3912,4.3686
2026-01-12 09:55:00,4.4,4.41,4.4,4.4,938200,4.3914,4.3689
2026-01-12 10:00:00,4.4,4.41,4.4,4.4,339400,4.3918,4.3692
2026-01-12 10:05:00,4.4,4.41,4.4,4.41,262600,4.3922,4.36955
2026-01-12 10:10:00,4.41,4.41,4.4,4.4,379200,4.3924,4.3698
2026-01-12 10:15:00,4.4,4.42,4.4,4.41,871600,4.393,4.37005
2026-01-12 10:20:00,4.42,4.42,4.41,4.42,313400,4.3938,4.3703
2026-01-12 10:25:00,4.41,4.42,4.41,4.42,158300,4.3944,4.3706
2026-01-12 10:30:00,4.42,4.42,4.41,4.41,273200,4.3948,4.3709
2026-01-12 10:35:00,4.42,4.42,4.41,4.42,282900,4.3953999999999995,4.3712
2026-01-12 10:40:00,4.41,4.43,4.41,4.43,719900,4.3962,4.3715
2026-01-12 10:45:00,4.43,4.43,4.42,4.43,112600,4.397200000000001,4.3718
2026-01-12 10:50:00,4.42,4.43,4.42,4.42,170800,4.3978,4.37205
2026-01-12 10:55:00,4.42,4.43,4.41,4.42,363200,4.3984000000000005,4.372299999999999
2026-01-12 11:00:00,4.42,4.42,4.41,4.42,193300,4.3986,4.37255
2026-01-12 11:05:00,4.41,4.42,4.41,4.41,153700,4.3988,4.3728
2026-01-12 11:10:00,4.41,4.42,4.41,4.42,110800,4.3992,4.373049999999999
2026-01-12 11:15:00,4.41,4.42,4.41,4.42,245800,4.3995999999999995,4.37335
2026-01-12 11:20:00,4.42,4.43,4.41,4.43,733100,4.4006,4.37375
2026-01-12 11:25:00,4.42,4.43,4.42,4.43,158900,4.4012,4.3741
2026-01-12 11:30:00,4.42,4.43,4.42,4.42,89000,4.401599999999999,4.3744499999999995
2026-01-12 13:05:00,4.43,4.43,4.42,4.43,323900,4.4026,4.3748
2026-01-12 13:10:00,4.42,4.43,4.42,4.43,116800,4.4036,4.37515
2026-01-12 13:15:00,4.42,4.43,4.42,4.42,1101800,4.4048,4.3754
2026-01-12 13:20:00,4.41,4.42,4.41,4.41,192600,4.4056,4.3755500000000005
2026-01-12 13:25:00,4.41,4.42,4.41,4.41,373400,4.406,4.37575
2026-01-12 13:30:00,4.42,4.42,4.41,4.41,146400,4.4066,4.37595
2026-01-12 13:35:00,4.42,4.42,4.41,4.41,476500,4.4072000000000005,4.376149999999999
2026-01-12 13:40:00,4.41,4.42,4.4,4.41,943500,4.4078,4.3763
2026-01-12 13:45:00,4.41,4.42,4.4,4.41,465600,4.4082,4.37645
2026-01-12 13:50:00,4.41,4.42,4.41,4.41,88900,4.4088,4.3766
2026-01-12 13:55:00,4.41,4.42,4.41,4.42,259900,4.4096,4.37685
2026-01-12 14:00:00,4.41,4.42,4.41,4.41,134200,4.41,4.377
2026-01-12 14:05:00,4.41,4.42,4.41,4.42,132500,4.4106,4.377149999999999
2026-01-12 14:10:00,4.41,4.42,4.41,4.42,694100,4.4112,4.37735
2026-01-12 14:15:00,4.42,4.43,4.41,4.43,264700,4.412,4.3776
2026-01-12 14:20:00,4.42,4.43,4.42,4.43,176100,4.4126,4.37785
2026-01-12 14:25:00,4.43,4.43,4.42,4.43,244100,4.413200000000001,4.37815
2026-01-12 14:30:00,4.43,4.43,4.42,4.42,794500,4.4136,4.37835
2026-01-12 14:35:00,4.42,4.43,4.41,4.42,461900,4.414,4.3786000000000005
2026-01-12 14:40:00,4.42,4.42,4.41,4.42,159900,4.4144,4.3788
2026-01-12 14:45:00,4.42,4.43,4.41,4.41,437600,4.4148000000000005,4.3789
2026-01-12 14:50:00,4.42,4.43,4.41,4.43,483500,4.4156,4.3791
2026-01-12 14:55:00,4.42,4.43,4.41,4.42,1123100,4.4162,4.37925
2026-01-12 15:00:00,4.42,4.43,4.41,4.43,713900,4.4168,4.37945
2026-01-13 09:35:00,4.43,4.44,4.39,4.4,1337100,4.4166,4.3795
2026-01-13 09:40:00,4.39,4.41,4.38,4.41,1518600,4.4166,4.37965
2026-01-13 09:45:00,4.41,4.45,4.4,4.43,1782400,4.417000000000001,4.379849999999999
2026-01-13 09:50:00,4.42,4.44,4.42,4.43,374200,4.4174,4.3801
2026-01-13 09:55:00,4.43,4.43,4.41,4.42,512900,4.417800000000001,4.3803
2026-01-13 10:00:00,4.41,4.43,4.41,4.43,789100,4.4184,4.3805000000000005
2026-01-13 10:05:00,4.43,4.43,4.42,4.43,223200,4.419,4.38075
2026-01-13 10:10:00,4.43,4.43,4.42,4.43,318700,4.4196,4.38095
2026-01-13 10:15:00,4.43,4.44,4.42,4.42,395300,4.4198,4.3811
2026-01-13 10:20:00,4.43,4.43,4.42,4.42,302700,4.4201999999999995,4.38125
2026-01-13 10:25:00,4.43,4.43,4.42,4.43,145400,4.4206,4.3815
2026-01-13 10:30:00,4.43,4.45,4.42,4.45,1164700,4.4212,4.38185
2026-01-13 10:35:00,4.45,4.45,4.43,4.44,548400,4.4216,4.38225
2026-01-13 10:40:00,4.44,4.45,4.43,4.44,356100,4.4222,4.3826
2026-01-13 10:45:00,4.45,4.49,4.44,4.49,1687300,4.4236,4.38325
2026-01-13 10:50:00,4.49,4.51,4.48,4.49,2243200,4.4248,4.3839
2026-01-13 10:55:00,4.48,4.49,4.48,4.48,716500,4.4258,4.38455
2026-01-13 11:00:00,4.49,4.49,4.47,4.47,284400,4.4268,4.38525
2026-01-13 11:05:00,4.48,4.49,4.47,4.49,378100,4.4282,4.38605
2026-01-13 11:10:00,4.49,4.5,4.48,4.49,499700,4.4296,4.38685
2026-01-13 11:15:00,4.49,4.53,4.49,4.52,1769000,4.4318,4.3878
2026-01-13 11:20:00,4.53,4.53,4.5,4.5,828500,4.4334,4.38865
2026-01-13 11:25:00,4.5,4.51,4.49,4.5,647500,4.435,4.38955
2026-01-13 11:30:00,4.5,4.51,4.5,4.5,302000,4.4364,4.39045
2026-01-13 13:05:00,4.5,4.51,4.49,4.5,654000,4.437799999999999,4.3913
2026-01-13 13:10:00,4.5,4.51,4.49,4.5,325300,4.4394,4.39215
2026-01-13 13:15:00,4.5,4.5,4.47,4.47,480400,4.4402,4.3929
2026-01-13 13:20:00,4.48,4.48,4.47,4.47,426100,4.441,4.393549999999999
2026-01-13 13:25:00,4.47,4.48,4.46,4.47,902000,4.442,4.39425
2026-01-13 13:30:00,4.48,4.48,4.47,4.47,167300,4.4432,4.39495
2026-01-13 13:35:00,4.47,4.48,4.46,4.48,588400,4.4446,4.39565
2026-01-13 13:40:00,4.48,4.48,4.47,4.48,168800,4.446000000000001,4.39635
2026-01-13 13:45:00,4.48,4.49,4.48,4.48,362300,4.447399999999999,4.397
2026-01-13 13:50:00,4.48,4.49,4.48,4.49,177700,4.449,4.39765
2026-01-13 13:55:00,4.49,4.49,4.48,4.49,176500,4.4506,4.39835
2026-01-13 14:00:00,4.49,4.49,4.48,4.48,294200,4.452,4.399
2026-01-13 14:05:00,4.48,4.49,4.48,4.49,151900,4.4534,4.39975
2026-01-13 14:10:00,4.49,4.49,4.46,4.47,702800,4.4546,4.40045
2026-01-13 14:15:00,4.47,4.48,4.46,4.47,483000,4.4556000000000004,4.4011
2026-01-13 14:20:00,4.46,4.47,4.46,4.47,360300,4.4566,4.4018
2026-01-13 14:25:00,4.47,4.48,4.46,4.48,209600,4.4576,4.4026
2026-01-13 14:30:00,4.48,4.48,4.46,4.47,315400,4.4584,4.4033500000000005
2026-01-13 14:35:00,4.46,4.47,4.46,4.46,186600,4.459,4.404
2026-01-13 14:40:00,4.47,4.47,4.45,4.46,760700,4.4598,4.40465
2026-01-13 14:45:00,4.46,4.46,4.44,4.45,835200,4.4604,4.4053
2026-01-13 14:50:00,4.45,4.45,4.43,4.44,595000,4.4608,4.4059
2026-01-13 14:55:00,4.44,4.46,4.43,4.46,1056900,4.4618,4.406549999999999
2026-01-13 15:00:00,4.46,4.46,4.45,4.46,1004700,4.4624,4.40725
2026-01-14 09:35:00,4.47,4.5,4.43,4.48,2091200,4.4636000000000005,4.408
2026-01-14 09:40:00,4.48,4.51,4.48,4.5,1057200,4.465,4.40885
2026-01-14 09:45:00,4.5,4.51,4.49,4.49,905200,4.4668,4.4097
2026-01-14 09:50:00,4.49,4.5,4.48,4.49,444400,4.4684,4.4105
2026-01-14 09:55:00,4.49,4.49,4.48,4.49,558500,4.4696,4.41135
2026-01-14 10:00:00,4.48,4.49,4.47,4.48,548500,4.4706,4.41215
2026-01-14 10:05:00,4.48,4.5,4.47,4.5,936300,4.4722,4.4131
2026-01-14 10:10:00,4.49,4.5,4.48,4.49,409300,4.4734,4.41395
2026-01-14 10:15:00,4.48,4.5,4.48,4.5,365800,4.4748,4.41485
2026-01-14 10:20:00,4.5,4.5,4.49,4.49,466600,4.476,4.41565
2026-01-14 10:25:00,4.49,4.5,4.49,4.49,219300,4.4774,4.4165
2026-01-14 10:30:00,4.49,4.51,4.49,4.49,1514400,4.4788,4.41725
2026-01-14 10:35:00,4.5,4.51,4.49,4.51,220800,4.4804,4.41805
2026-01-14 10:40:00,4.5,4.51,4.5,4.5,201200,4.481400000000001,4.4188
2026-01-14 10:45:00,4.5,4.51,4.5,4.51,179700,4.4828,4.41965
2026-01-14 10:50:00,4.5,4.51,4.5,4.5,201500,4.484,4.42035
2026-01-14 10:55:00,4.5,4.51,4.5,4.5,320700,4.4842,4.42105
2026-01-14 11:00:00,4.51,4.51,4.5,4.51,625200,4.4845999999999995,4.4218
2026-01-14 11:05:00,4.51,4.52,4.5,4.51,407200,4.4852,4.4225
2026-01-14 11:10:00,4.52,4.52,4.51,4.51,370500,4.486000000000001,4.4232
2026-01-14 11:15:00,4.51,4.52,4.5,4.51,630900,4.4864,4.42395
2026-01-14 11:20:00,4.51,4.51,4.5,4.5,143400,4.4866,4.4246
2026-01-14 11:25:00,4.51,4.51,4.5,4.51,111300,4.4864,4.4253
2026-01-14 11:30:00,4.51,4.51,4.5,4.51,33600,4.4866,4.425949999999999
2026-01-14 13:05:00,4.51,4.51,4.48,4.49,1714400,4.4864,4.4265
2026-01-14 13:10:00,4.49,4.49,4.47,4.47,833400,4.4858,4.4269
2026-01-14 13:15:00,4.48,4.48,4.46,4.47,571200,4.4852,4.427350000000001
2026-01-14 13:20:00,4.47,4.47,4.43,4.46,2136400,4.4844,4.4277500000000005
2026-01-14 13:25:00,4.46,4.46,4.44,4.45,293600,4.484,4.4282
2026-01-14 13:30:00,4.45,4.45,4.43,4.45,491200,4.4836,4.4286
2026-01-14 13:35:00,4.44,4.45,4.43,4.43,995500,4.4828,4.4289
2026-01-14 13:40:00,4.43,4.44,4.43,4.43,626400,4.482,4.42915
2026-01-14 13:45:00,4.44,4.44,4.43,4.44,340900,4.4812,4.4295
2026-01-14 13:50:00,4.43,4.44,4.43,4.43,276300,4.4802,4.42975
2026-01-14 13:55:00,4.44,4.44,4.43,4.43,158500,4.4792000000000005,4.43
2026-01-14 14:00:00,4.43,4.44,4.4,4.4,1471000,4.4774,4.43005
2026-01-14 14:05:00,4.41,4.41,4.38,4.41,1353500,4.4758,4.43015
2026-01-14 14:10:00,4.41,4.41,4.39,4.4,774600,4.4742,4.43025
2026-01-14 14:15:00,4.4,4.44,4.4,4.44,908700,4.4732,4.4305
2026-01-14 14:20:00,4.44,4.44,4.43,4.44,408900,4.4726,4.4308000000000005
2026-01-14 14:25:00,4.43,4.44,4.43,4.44,158900,4.4719999999999995,4.4311
2026-01-14 14:30:00,4.44,4.45,4.44,4.45,174600,4.4716000000000005,4.43145
2026-01-14 14:35:00,4.44,4.45,4.43,4.43,364700,4.4706,4.431649999999999
2026-01-14 14:40:00,4.44,4.44,4.43,4.43,598800,4.4698,4.43185
2026-01-14 14:45:00,4.44,4.44,4.43,4.44,586700,4.4694,4.43215
2026-01-14 14:50:00,4.44,4.45,4.43,4.43,852900,4.4688,4.4324
2026-01-14 14:55:00,4.44,4.45,4.43,4.45,379800,4.4688,4.432799999999999
2026-01-14 15:00:00,4.45,4.45,4.44,4.45,993500,4.469,4.43315
2026-01-15 09:35:00,4.43,4.45,4.4,4.44,812800,4.4686,4.43345
2026-01-15 09:40:00,4.44,4.45,4.42,4.42,796700,4.4677999999999995,4.4337
2026-01-15 09:45:00,4.43,4.44,4.42,4.43,402600,4.4668,4.433949999999999
2026-01-15 09:50:00,4.43,4.44,4.43,4.44,170000,4.4656,4.4342500000000005
2026-01-15 09:55:00,4.43,4.45,4.43,4.44,355000,4.4646,4.43455
2026-01-15 10:00:00,4.44,4.46,4.44,4.45,427100,4.463800000000001,4.4349
2026-01-15 10:05:00,4.45,4.46,4.44,4.45,229100,4.463,4.4352
2026-01-15 10:10:00,4.44,4.44,4.42,4.42,727400,4.4618,4.435300000000001
2026-01-15 10:15:00,4.42,4.42,4.41,4.41,493700,4.460000000000001,4.43535
2026-01-15 10:20:00,4.41,4.42,4.41,4.42,167000,4.458600000000001,4.4354
2026-01-15 10:25:00,4.41,4.42,4.4,4.41,681100,4.4568,4.4355
2026-01-15 10:30:00,4.4,4.41,4.4,4.41,189100,4.4552,4.43565
2026-01-15 10:35:00,4.41,4.41,4.4,4.41,360300,4.4536,4.43575
2026-01-15 10:40:00,4.41,4.42,4.4,4.41,202900,4.452,4.43585
2026-01-15 10:45:00,4.41,4.42,4.4,4.4,206800,4.4498,4.43595
2026-01-15 10:50:00,4.41,4.41,4.4,4.4,76300,4.4478,4.43605
2026-01-15 10:55:00,4.4,4.41,4.4,4.4,272000,4.4456,4.4361
2026-01-15 11:00:00,4.4,4.41,4.39,4.39,643100,4.4434,4.4361
2026-01-15 11:05:00,4.39,4.4,4.38,4.4,429000,4.4414,4.4361500000000005
2026-01-15 11:10:00,4.39,4.4,4.39,4.4,162400,4.4392000000000005,4.4362
2026-01-15 11:15:00,4.4,4.4,4.38,4.4,141500,4.437,4.4363
2026-01-15 11:20:00,4.39,4.4,4.39,4.39,178400,4.4346,4.4363
2026-01-15 11:25:00,4.39,4.39,4.38,4.38,111300,4.4319999999999995,4.43625
2026-01-15 11:30:00,4.38,4.39,4.38,4.38,67100,4.429600000000001,4.4361
2026-01-15 13:05:00,4.39,4.4,4.38,4.4,222600,4.4274000000000004,4.4361
2026-01-15 13:10:00,4.4,4.4,4.39,4.39,71000,4.425,4.43605
2026-01-15 13:15:00,4.39,4.41,4.39,4.4,552100,4.4232000000000005,4.43605
2026-01-15 13:20:00,4.4,4.41,4.39,4.4,193900,4.421800000000001,4.4361500000000005
2026-01-15 13:25:00,4.39,4.4,4.39,4.39,174800,4.4202,4.4361
2026-01-15 13:30:00,4.4,4.41,4.4,4.41,200400,4.4192,4.4361500000000005
2026-01-15 13:35:00,4.4,4.41,4.4,4.41,127400,4.4184,4.4363
2026-01-15 13:40:00,4.41,4.41,4.39,4.4,162700,4.4174,4.436400000000001
2026-01-15 13:45:00,4.4,4.41,4.39,4.41,168500,4.417,4.43665
2026-01-15 13:50:00,4.41,4.41,4.4,4.4,42000,4.4164,4.4368
2026-01-15 13:55:00,4.4,4.41,4.4,4.4,72900,4.4156,4.43685
2026-01-15 14:00:00,4.41,4.41,4.4,4.41,50600,4.4152000000000005,4.437
2026-01-15 14:05:00,4.4,4.41,4.39,4.4,424300,4.4146,4.4371
2026-01-15 14:10:00,4.4,4.4,4.39,4.39,103200,4.4144,4.43715
2026-01-15 14:15:00,4.4,4.4,4.38,4.39,658500,4.414000000000001,4.43715
2026-01-15 14:20:00,4.39,4.39,4.38,4.39,81500,4.4138,4.4372
2026-01-15 14:25:00,4.38,4.39,4.38,4.38,85300,4.4126,4.4372
2026-01-15 14:30:00,4.38,4.41,4.38,4.4,648300,4.4118,4.437250000000001
2026-01-15 14:35:00,4.39,4.4,4.38,4.39,185600,4.4108,4.437250000000001
2026-01-15 14:40:00,4.38,4.39,4.38,4.39,247400,4.4096,4.437250000000001
2026-01-15 14:45:00,4.39,4.39,4.38,4.38,216500,4.4086,4.437200000000001
2026-01-15 14:50:00,4.39,4.4,4.38,4.39,354100,4.4078,4.43715
2026-01-15 14:55:00,4.39,4.41,4.39,4.4,581300,4.407,4.43715
2026-01-15 15:00:00,4.41,4.41,4.38,4.41,970900,4.4066,4.4372
2026-01-16 09:35:00,4.41,4.44,4.4,4.4,623000,4.4056,4.437200000000001
2026-01-16 09:40:00,4.4,4.42,4.38,4.39,823900,4.4044,4.43715
2026-01-16 09:45:00,4.39,4.41,4.39,4.4,349100,4.4036,4.437200000000001
2026-01-16 09:50:00,4.41,4.42,4.4,4.41,395700,4.4034,4.4373000000000005
2026-01-16 09:55:00,4.41,4.47,4.41,4.46,2030500,4.404,4.43765
2026-01-16 10:00:00,4.46,4.46,4.44,4.45,736100,4.4042,4.4379
2026-01-16 10:05:00,4.46,4.46,4.44,4.44,914800,4.4042,4.4380500000000005
2026-01-16 10:10:00,4.45,4.45,4.43,4.43,283700,4.4038,4.43815
2026-01-16 10:15:00,4.44,4.48,4.44,4.48,1363300,4.4044,4.4384999999999994
2026-01-16 10:20:00,4.47,4.49,4.46,4.46,1421500,4.405200000000001,4.43875
2026-01-16 10:25:00,4.47,4.47,4.45,4.45,865100,4.406,4.439
2026-01-16 10:30:00,4.45,4.47,4.44,4.45,614200,4.4066,4.43925
2026-01-16 10:35:00,4.45,4.46,4.44,4.45,483500,4.4074,4.4395
2026-01-16 10:40:00,4.46,4.46,4.45,4.45,246600,4.408200000000001,4.43975
2026-01-16 10:45:00,4.45,4.46,4.45,4.46,339400,4.4092,4.44
2026-01-16 10:50:00,4.46,4.46,4.45,4.45,238900,4.41,4.440250000000001
2026-01-16 10:55:00,4.45,4.46,4.44,4.44,349100,4.4108,4.4404
2026-01-16 11:00:00,4.44,4.45,4.44,4.44,188200,4.4116,4.4405
2026-01-16 11:05:00,4.45,4.46,4.44,4.45,227200,4.4126,4.44065
2026-01-16 11:10:00,4.45,4.47,4.45,4.47,346100,4.4142,4.44095
2026-01-16 11:15:00,4.46,4.47,4.45,4.46,260100,4.4154,4.44115
2026-01-16 11:20:00,4.46,4.46,4.45,4.45,40800,4.416399999999999,4.44125
2026-01-16 11:25:00,4.46,4.47,4.46,4.46,301600,4.4176,4.4414
2026-01-16 11:30:00,4.47,4.47,4.45,4.46,186000,4.4190000000000005,4.4416
2026-01-16 13:05:00,4.46,4.47,4.46,4.46,263500,4.4206,4.4418
2026-01-16 13:10:00,4.46,4.48,4.46,4.47,920300,4.4224,4.44205
2026-01-16 13:15:00,4.48,4.48,4.46,4.47,275400,4.423800000000001,4.44235
2026-01-16 13:20:00,4.47,4.47,4.46,4.46,236500,4.4252,4.442550000000001
2026-01-16 13:25:00,4.47,4.48,4.47,4.47,193500,4.4266,4.4428
2026-01-16 13:30:00,4.47,4.5,4.47,4.48,1408500,4.4282,4.44305
2026-01-16 13:35:00,4.49,4.49,4.48,4.48,251900,4.43,4.4433
2026-01-16 13:40:00,4.49,4.49,4.48,4.49,214300,4.4316,4.44365
2026-01-16 13:45:00,4.48,4.49,4.48,4.48,108900,4.433,4.4439
2026-01-16 13:50:00,4.48,4.49,4.48,4.49,58800,4.4348,4.4442
2026-01-16 13:55:00,4.49,4.49,4.46,4.47,749400,4.436,4.44445
2026-01-16 14:00:00,4.47,4.48,4.46,4.48,101400,4.4376,4.4448
2026-01-16 14:05:00,4.47,4.49,4.47,4.48,498900,4.4392000000000005,4.44515
2026-01-16 14:10:00,4.48,4.49,4.47,4.48,293200,4.4406,4.4455
2026-01-16 14:15:00,4.48,4.49,4.48,4.49,396200,4.4424,4.4459
2026-01-16 14:20:00,4.48,4.49,4.48,4.48,373800,4.4442,4.44625
2026-01-16 14:25:00,4.49,4.49,4.48,4.48,232400,4.446,4.4466
2026-01-16 14:30:00,4.48,4.49,4.48,4.49,153400,4.448,4.447
2026-01-16 14:35:00,4.49,4.49,4.47,4.48,648300,4.45,4.447299999999999
2026-01-16 14:40:00,4.47,4.48,4.47,4.47,178300,4.4514000000000005,4.4475999999999996
2026-01-16 14:45:00,4.47,4.48,4.47,4.48,283700,4.4532,4.447900000000001
2026-01-16 14:50:00,4.47,4.48,4.47,4.47,236300,4.4548000000000005,4.44815
2026-01-16 14:55:00,4.47,4.49,4.47,4.49,1110500,4.457000000000001,4.44845
2026-01-16 15:00:00,4.48,4.49,4.48,4.48,1457600,4.4588,4.4487
2026-01-19 09:35:00,4.48,4.51,4.46,4.51,1173700,4.461,4.4491000000000005
2026-01-19 09:40:00,4.5,4.51,4.48,4.49,1248500,4.4626,4.449450000000001
2026-01-19 09:45:00,4.49,4.5,4.49,4.49,462900,4.4644,4.4498
2026-01-19 09:50:00,4.5,4.51,4.48,4.48,981700,4.4662,4.4501
2026-01-19 09:55:00,4.48,4.49,4.48,4.49,298700,4.468,4.4505
2026-01-19 10:00:00,4.49,4.49,4.48,4.48,445400,4.4694,4.45075
2026-01-19 10:05:00,4.48,4.49,4.48,4.48,166100,4.4698,4.45105
2026-01-19 10:10:00,4.49,4.49,4.48,4.48,266000,4.470400000000001,4.451300000000001
2026-01-19 10:15:00,4.48,4.49,4.48,4.49,486400,4.4714,4.4517500000000005
2026-01-19 10:20:00,4.49,4.5,4.48,4.5,425600,4.4728,4.4522
2026-01-19 10:25:00,4.49,4.5,4.49,4.5,302200,4.4732,4.4525500000000005
2026-01-19 10:30:00,4.5,4.5,4.48,4.49,128800,4.4738,4.452850000000001
2026-01-19 10:35:00,4.49,4.49,4.48,4.48,118800,4.4744,4.45315
2026-01-19 10:40:00,4.49,4.49,4.48,4.49,226800,4.4752,4.45345
2026-01-19 10:45:00,4.48,4.49,4.47,4.48,211400,4.4758000000000004,4.4537
2026-01-19 10:50:00,4.47,4.49,4.47,4.48,251500,4.476400000000001,4.45395
2026-01-19 10:55:00,4.48,4.49,4.48,4.49,28400,4.477,4.4543
2026-01-19 11:00:00,4.48,4.49,4.48,4.49,71800,4.477799999999999,4.45465
2026-01-19 11:05:00,4.48,4.49,4.47,4.48,601100,4.4786,4.4549
2026-01-19 11:10:00,4.48,4.48,4.48,4.48,147700,4.4794,4.455050000000001
2026-01-19 11:15:00,4.48,4.48,4.47,4.48,285700,4.48,4.4552499999999995
2026-01-19 11:20:00,4.48,4.49,4.48,4.49,121000,4.4804,4.4555
2026-01-19 11:25:00,4.49,4.49,4.47,4.47,202200,4.4806,4.4554
2026-01-19 11:30:00,4.47,4.48,4.47,4.47,39100,4.481,4.4553
2026-01-19 13:05:00,4.47,4.48,4.46,4.48,752600,4.481400000000001,4.4553
2026-01-19 13:10:00,4.47,4.48,4.47,4.47,418700,4.4816,4.455299999999999
2026-01-19 13:15:00,4.48,4.48,4.47,4.48,65800,4.482,4.4552499999999995
2026-01-19 13:20:00,4.48,4.48,4.47,4.48,138400,4.4822,4.4552
2026-01-19 13:25:00,4.47,4.48,4.47,4.48,288800,4.4824,4.455
2026-01-19 13:30:00,4.47,4.48,4.47,4.47,144500,4.482600000000001,4.45485
2026-01-19 13:35:00,4.48,4.48,4.47,4.47,41500,4.482600000000001,4.4547
2026-01-19 13:40:00,4.47,4.47,4.46,4.46,788400,4.482200000000001,4.4544999999999995
2026-01-19 13:45:00,4.46,4.47,4.46,4.47,459300,4.482,4.45435
2026-01-19 13:50:00,4.47,4.47,4.46,4.47,44100,4.4816,4.4542
2026-01-19 13:55:00,4.46,4.47,4.46,4.47,145400,4.481400000000001,4.454199999999999
2026-01-19 14:00:00,4.47,4.47,4.45,4.46,380100,4.4807999999999995,4.45415
2026-01-19 14:05:00,4.46,4.47,4.45,4.46,198300,4.4806,4.4541
2026-01-19 14:10:00,4.46,4.49,4.46,4.49,1285000,4.4808,4.4542
2026-01-19 14:15:00,4.49,4.49,4.48,4.49,373500,4.481,4.45425
2026-01-19 14:20:00,4.48,4.48,4.47,4.48,839500,4.481,4.45425
2026-01-19 14:25:00,4.48,4.49,4.47,4.49,119900,4.481,4.4543
2026-01-19 14:30:00,4.49,4.49,4.47,4.48,402100,4.481,4.45425
2026-01-19 14:35:00,4.49,4.49,4.48,4.49,220200,4.4812,4.45425
2026-01-19 14:40:00,4.48,4.49,4.48,4.49,99900,4.4812,4.4543
2026-01-19 14:45:00,4.49,4.49,4.48,4.48,333400,4.4812,4.45425
2026-01-19 14:50:00,4.48,4.49,4.48,4.49,207600,4.481599999999999,4.45435
2026-01-19 14:55:00,4.49,4.49,4.48,4.49,463300,4.4818,4.4544500000000005
2026-01-19 15:00:00,4.48,4.5,4.48,4.5,1094600,4.4824,4.4546
2026-01-20 09:35:00,4.51,4.51,4.47,4.49,953500,4.4824,4.45465
2026-01-20 09:40:00,4.49,4.5,4.48,4.48,575300,4.4824,4.4547
2026-01-20 09:45:00,4.48,4.5,4.48,4.49,275000,4.482,4.4548499999999995
2026-01-20 09:50:00,4.49,4.51,4.49,4.5,914400,4.482200000000001,4.45505
2026-01-20 09:55:00,4.51,4.51,4.5,4.5,236000,4.4824,4.455299999999999
2026-01-20 10:00:00,4.5,4.51,4.49,4.5,1011500,4.4828,4.4556000000000004
2026-01-20 10:05:00,4.5,4.5,4.49,4.5,312600,4.4830000000000005,4.4558
2026-01-20 10:10:00,4.5,4.51,4.49,4.51,672600,4.4836,4.45605
2026-01-20 10:15:00,4.51,4.51,4.5,4.5,300400,4.484,4.45615
2026-01-20 10:20:00,4.5,4.5,4.48,4.49,672000,4.4842,4.456099999999999
2026-01-20 10:25:00,4.49,4.5,4.48,4.49,392600,4.4842,4.4561
2026-01-20 10:30:00,4.49,4.49,4.47,4.48,611500,4.4838,4.45605
2026-01-20 10:35:00,4.48,4.49,4.48,4.48,308300,4.4834,4.456
2026-01-20 10:40:00,4.48,4.5,4.48,4.49,242100,4.4834000000000005,4.45605
2026-01-20 10:45:00,4.5,4.5,4.48,4.49,198800,4.4836,4.456
2026-01-20 10:50:00,4.49,4.5,4.48,4.49,151700,4.4836,4.456
2026-01-20 10:55:00,4.49,4.49,4.48,4.49,118400,4.4838,4.4559500000000005
2026-01-20 11:00:00,4.49,4.5,4.48,4.49,325600,4.484,4.4559500000000005
2026-01-20 11:05:00,4.49,4.49,4.48,4.49,143700,4.484,4.4559500000000005
2026-01-20 11:10:00,4.48,4.49,4.47,4.47,328100,4.4836,4.45585
2026-01-20 11:15:00,4.48,4.49,4.47,4.49,192600,4.4838,4.45575
2026-01-20 11:20:00,4.49,4.49,4.48,4.49,63100,4.484,4.4557
2026-01-20 11:25:00,4.49,4.49,4.48,4.49,143000,4.4841999999999995,4.4556000000000004
2026-01-20 11:30:00,4.48,4.49,4.47,4.48,372000,4.484,4.4555
2026-01-20 13:05:00,4.48,4.48,4.46,4.47,736900,4.484,4.45535
2026-01-20 13:10:00,4.47,4.47,4.46,4.47,238300,4.484,4.45515
2026-01-20 13:15:00,4.47,4.47,4.46,4.47,52000,4.4838,4.45495
2026-01-20 13:20:00,4.46,4.47,4.46,4.47,110000,4.4838,4.454750000000001
2026-01-20 13:25:00,4.47,4.47,4.46,4.47,149600,4.4836,4.45455
2026-01-20 13:30:00,4.47,4.48,4.46,4.48,177400,4.4836,4.4544500000000005
2026-01-20 13:35:00,4.48,4.48,4.46,4.48,365200,4.4836,4.4543
2026-01-20 13:40:00,4.47,4.48,4.46,4.47,229300,4.4836,4.4541
2026-01-20 13:45:00,4.47,4.48,4.47,4.47,66700,4.4836,4.454000000000001
2026-01-20 13:50:00,4.47,4.49,4.47,4.49,222100,4.4842,4.4541
2026-01-20 13:55:00,4.49,4.49,4.47,4.48,101800,4.4844,4.45415
2026-01-20 14:00:00,4.48,4.48,4.47,4.48,82900,4.4845999999999995,4.45425
2026-01-20 14:05:00,4.47,4.48,4.47,4.47,57800,4.4845999999999995,4.45435
2026-01-20 14:10:00,4.48,4.48,4.46,4.46,279500,4.4846,4.4544
2026-01-20 14:15:00,4.47,4.48,4.46,4.48,845900,4.485,4.45465
2026-01-20 14:20:00,4.48,4.48,4.47,4.48,94700,4.4848,4.4549
2026-01-20 14:25:00,4.48,4.48,4.47,4.48,196900,4.4845999999999995,4.455100000000001
2026-01-20 14:30:00,4.47,4.47,4.46,4.47,352300,4.4844,4.455299999999999
2026-01-20 14:35:00,4.47,4.47,4.46,4.47,276100,4.484,4.4555
2026-01-20 14:40:00,4.46,4.47,4.46,4.47,197300,4.4838,4.455850000000001
2026-01-20 14:45:00,4.47,4.47,4.46,4.46,401900,4.4832,4.456099999999999
2026-01-20 14:50:00,4.47,4.49,4.46,4.49,671600,4.4832,4.45655
2026-01-20 14:55:00,4.48,4.5,4.48,4.49,709600,4.4834,4.4568
2026-01-20 15:00:00,4.48,4.5,4.48,4.49,622900,4.4834000000000005,4.45705
2026-01-21 09:35:00,4.46,4.48,4.44,4.45,937400,4.4826,4.4571000000000005
2026-01-21 09:40:00,4.44,4.46,4.44,4.46,571200,4.4818,4.45715
2026-01-21 09:45:00,4.47,4.47,4.45,4.46,318400,4.4812,4.4573
2026-01-21 09:50:00,4.46,4.47,4.45,4.47,463800,4.481,4.4575
2026-01-21 09:55:00,4.46,4.47,4.44,4.45,652400,4.4802,4.45755
2026-01-21 10:00:00,4.45,4.46,4.44,4.46,433200,4.4794,4.4577
2026-01-21 10:05:00,4.47,4.48,4.46,4.47,448200,4.4788,4.457800000000001
2026-01-21 10:10:00,4.47,4.47,4.46,4.47,82000,4.4782,4.4579
2026-01-21 10:15:00,4.47,4.48,4.46,4.47,500400,4.4776,4.458050000000001
2026-01-21 10:20:00,4.48,4.48,4.46,4.47,218100,4.4768,4.4582999999999995
2026-01-21 10:25:00,4.47,4.48,4.47,4.47,64800,4.4762,4.4585
2026-01-21 10:30:00,4.47,4.48,4.47,4.48,232500,4.476,4.4587
2026-01-21 10:35:00,4.48,4.48,4.47,4.48,85100,4.4758,4.458900000000001
2026-01-21 10:40:00,4.47,4.48,4.47,4.48,140000,4.4758,4.45905
2026-01-21 10:45:00,4.48,4.49,4.48,4.49,540400,4.476,4.459250000000001
2026-01-21 10:50:00,4.49,4.49,4.48,4.48,90400,4.4758,4.45955
2026-01-21 10:55:00,4.48,4.49,4.48,4.49,78300,4.4758,4.45995
2026-01-21 11:00:00,4.49,4.5,4.48,4.49,496900,4.4758000000000004,4.4603
2026-01-21 11:05:00,4.49,4.49,4.48,4.49,72100,4.4758,4.4607
2026-01-21 11:10:00,4.49,4.49,4.48,4.48,63200,4.4756,4.46105
2026-01-21 11:15:00,4.48,4.49,4.48,4.48,153000,4.4754000000000005,4.4614
2026-01-21 11:20:00,4.48,4.49,4.48,4.49,77000,4.4758000000000004,4.4618
2026-01-21 11:25:00,4.49,4.49,4.48,4.48,248600,4.4756,4.4622
2026-01-21 11:30:00,4.48,4.49,4.47,4.48,374200,4.4754000000000005,4.4626
2026-01-21 13:05:00,4.48,4.48,4.47,4.48,136800,4.4752,4.463
2026-01-21 13:10:00,4.48,4.49,4.47,4.48,249400,4.4752,4.46345
2026-01-21 13:15:00,4.48,4.49,4.48,4.49,95000,4.4756,4.4639
2026-01-21 13:20:00,4.49,4.49,4.48,4.48,119800,4.4758,4.4643
2026-01-21 13:25:00,4.48,4.48,4.47,4.48,232300,4.476,4.464700000000001
2026-01-21 13:30:00,4.48,4.49,4.47,4.47,125000,4.476,4.4651
2026-01-21 13:35:00,4.47,4.49,4.47,4.48,303600,4.4762,4.4656
2026-01-21 13:40:00,4.48,4.49,4.48,4.49,332000,4.476400000000001,4.46615
2026-01-21 13:45:00,4.49,4.5,4.48,4.49,456200,4.4766,4.466600000000001
2026-01-21 13:50:00,4.49,4.5,4.49,4.5,61800,4.4772,4.46715
2026-01-21 13:55:00,4.5,4.5,4.49,4.5,19600,4.4778,4.46765
2026-01-21 14:00:00,4.5,4.5,4.49,4.49,121800,4.477799999999999,4.4681
2026-01-21 14:05:00,4.49,4.5,4.49,4.5,35800,4.4782,4.46865
2026-01-21 14:10:00,4.5,4.5,4.49,4.5,443700,4.4786,4.4691
2026-01-21 14:15:00,4.5,4.5,4.49,4.49,50800,4.479,4.4695
2026-01-21 14:20:00,4.49,4.5,4.49,4.49,141800,4.4796000000000005,4.46995
2026-01-21 14:25:00,4.5,4.5,4.48,4.49,659700,4.4798,4.47035
2026-01-21 14:30:00,4.49,4.5,4.48,4.49,211300,4.48,4.4708000000000006
2026-01-21 14:35:00,4.49,4.5,4.49,4.49,556300,4.4802,4.47125
2026-01-21 14:40:00,4.49,4.5,4.49,4.49,159400,4.4806,4.47165
2026-01-21 14:45:00,4.49,4.5,4.49,4.5,214500,4.4812,4.47215
2026-01-21 14:50:00,4.49,4.5,4.49,4.5,239600,4.4818,4.472700000000001
2026-01-21 14:55:00,4.49,4.5,4.49,4.49,806600,4.4824,4.4732
2026-01-21 15:00:00,4.49,4.5,4.49,4.5,750600,4.4826,4.473750000000001
2026-01-22 09:35:00,4.51,4.51,4.49,4.5,808200,4.4828,4.47435
2026-01-22 09:40:00,4.5,4.52,4.49,4.51,1221900,4.4832,4.4749
2026-01-22 09:45:00,4.51,4.52,4.5,4.5,567400,4.4842,4.47545
2026-01-22 09:50:00,4.51,4.51,4.5,4.51,563700,4.485200000000001,4.47605
2026-01-22 09:55:00,4.5,4.52,4.5,4.52,402900,4.4864,4.47675
2026-01-22 10:00:00,4.52,4.53,4.51,4.53,973200,4.4876,4.47745
2026-01-22 10:05:00,4.52,4.57,4.52,4.56,2606800,4.4898,4.47825
2026-01-22 10:10:00,4.56,4.56,4.54,4.55,835000,4.4916,4.47895
2026-01-22 10:15:00,4.54,4.55,4.54,4.55,375100,4.4932,4.479699999999999
2026-01-22 10:20:00,4.55,4.55,4.54,4.55,205400,4.494800000000001,4.4805
2026-01-22 10:25:00,4.54,4.55,4.54,4.55,340700,4.4964,4.48125
2026-01-22 10:30:00,4.54,4.55,4.53,4.53,475800,4.4976,4.48185
2026-01-22 10:35:00,4.54,4.54,4.53,4.54,153100,4.4990000000000006,4.4822500000000005
2026-01-22 10:40:00,4.54,4.55,4.53,4.55,527500,4.5004,4.48275
2026-01-22 10:45:00,4.55,4.55,4.54,4.55,140400,4.5018,4.483300000000001
2026-01-22 10:50:00,4.55,4.55,4.54,4.55,87300,4.5032000000000005,4.4839
2026-01-22 10:55:00,4.55,4.55,4.54,4.55,289500,4.5044,4.48425
2026-01-22 11:00:00,4.54,4.55,4.54,4.55,169300,4.505800000000001,4.4847
2026-01-22 11:05:00,4.54,4.54,4.53,4.54,373000,4.5068,4.48515
2026-01-22 11:10:00,4.54,4.55,4.53,4.54,467100,4.5078,4.4856
2026-01-22 11:15:00,4.55,4.55,4.53,4.54,274700,4.508800000000001,4.4860500000000005
2026-01-22 11:20:00,4.53,4.54,4.53,4.54,42100,4.51,4.4865
2026-01-22 11:25:00,4.54,4.55,4.53,4.55,636700,4.5114,4.48695
2026-01-22 11:30:00,4.54,4.56,4.54,4.56,595400,4.5127999999999995,4.4875
2026-01-22 13:05:00,4.55,4.56,4.55,4.55,835400,4.5142,4.48805
2026-01-22 13:10:00,4.55,4.55,4.54,4.55,69100,4.5156,4.4886
2026-01-22 13:15:00,4.55,4.56,4.54,4.56,245900,4.5172,4.48915
2026-01-22 13:20:00,4.56,4.56,4.55,4.55,97100,4.5186,4.48955
2026-01-22 13:25:00,4.55,4.56,4.55,4.55,105800,4.5198,4.49
2026-01-22 13:30:00,4.56,4.56,4.55,4.56,85800,4.521400000000001,4.49055
2026-01-22 13:35:00,4.55,4.56,4.54,4.55,170700,4.5228,4.4910000000000005
2026-01-22 13:40:00,4.55,4.55,4.54,4.55,90000,4.5244,4.4914499999999995
2026-01-22 13:45:00,4.55,4.55,4.54,4.54,68900,4.5256,4.49185
2026-01-22 13:50:00,4.55,4.55,4.54,4.55,830800,4.5268,4.49225
2026-01-22 13:55:00,4.54,4.56,4.54,4.55,431300,4.528,4.49265
2026-01-22 14:00:00,4.55,4.56,4.54,4.55,295600,4.529,4.4931
2026-01-22 14:05:00,4.55,4.56,4.55,4.55,413200,4.529999999999999,4.4935
2026-01-22 14:10:00,4.56,4.56,4.55,4.55,93800,4.5312,4.49385
2026-01-22 14:15:00,4.56,4.56,4.54,4.55,1305600,4.5322000000000005,4.4942
2026-01-22 14:20:00,4.54,4.55,4.54,4.55,317400,4.5332,4.4944999999999995
2026-01-22 14:25:00,4.54,4.56,4.54,4.55,272900,4.5344,4.4948500000000005
2026-01-22 14:30:00,4.56,4.56,4.55,4.56,90300,4.5358,4.4952
2026-01-22 14:35:00,4.55,4.56,4.55,4.56,230100,4.5372,4.49565
2026-01-22 14:40:00,4.56,4.56,4.55,4.55,283200,4.538399999999999,4.496
2026-01-22 14:45:00,4.56,4.56,4.55,4.56,273300,4.5398,4.4964
2026-01-22 14:50:00,4.56,4.56,4.55,4.56,667900,4.5412,4.4968
2026-01-22 14:55:00,4.56,4.56,4.54,4.55,1349900,4.5422,4.4971
2026-01-22 15:00:00,4.55,4.56,4.55,4.56,773600,4.5434,4.4975
2026-01-23 09:35:00,4.57,4.58,4.54,4.56,1314100,4.5447999999999995,4.4979
2026-01-23 09:40:00,4.55,4.57,4.54,4.56,1109000,4.545999999999999,4.49825
2026-01-23 09:45:00,4.55,4.56,4.54,4.54,402300,4.5468,4.49855
2026-01-23 09:50:00,4.54,4.56,4.54,4.55,956600,4.5476,4.498950000000001
2026-01-23 09:55:00,4.56,4.56,4.55,4.55,246200,4.5486,4.4993
2026-01-23 10:00:00,4.55,4.56,4.53,4.53,1421000,4.5489999999999995,4.4996
2026-01-23 10:05:00,4.54,4.55,4.53,4.55,911400,4.5496,4.4999
2026-01-23 10:10:00,4.55,4.55,4.54,4.55,259500,4.55,4.500249999999999
2026-01-23 10:15:00,4.55,4.55,4.54,4.54,78700,4.5496,4.5004
2026-01-23 10:20:00,4.55,4.55,4.54,4.54,87900,4.5494,4.50065
2026-01-23 10:25:00,4.54,4.55,4.54,4.54,381300,4.5492,4.500900000000001
2026-01-23 10:30:00,4.54,4.55,4.54,4.55,170400,4.5492,4.50125
2026-01-23 10:35:00,4.55,4.56,4.55,4.55,589900,4.5492,4.50155
2026-01-23 10:40:00,4.55,4.56,4.55,4.56,321300,4.549799999999999,4.50195
2026-01-23 10:45:00,4.56,4.57,4.55,4.55,973700,4.55,4.5023
2026-01-23 10:50:00,4.55,4.56,4.55,4.56,216600,4.5502,4.5027
2026-01-23 10:55:00,4.55,4.56,4.55,4.55,158100,4.5502,4.503
2026-01-23 11:00:00,4.55,4.56,4.54,4.54,445100,4.55,4.5032
2026-01-23 11:05:00,4.55,4.56,4.54,4.56,265300,4.5502,4.5035
2026-01-23 11:10:00,4.55,4.56,4.55,4.55,69400,4.5502,4.5038
2026-01-23 11:15:00,4.55,4.56,4.55,4.56,107900,4.5506,4.5042
2026-01-23 11:20:00,4.56,4.56,4.55,4.55,285300,4.5508,4.5045
2026-01-23 11:25:00,4.55,4.57,4.55,4.57,164200,4.5514,4.50495
2026-01-23 11:30:00,4.57,4.58,4.56,4.57,636700,4.552,4.5054
2026-01-23 13:05:00,4.57,4.58,4.57,4.57,281600,4.5524,4.5058
2026-01-23 13:10:00,4.58,4.58,4.57,4.57,229700,4.5526,4.5062
2026-01-23 13:15:00,4.57,4.58,4.57,4.58,450200,4.5532,4.5066999999999995
2026-01-23 13:20:00,4.58,4.58,4.57,4.57,77800,4.553599999999999,4.507149999999999
2026-01-23 13:25:00,4.58,4.58,4.57,4.57,388800,4.553799999999999,4.5076
2026-01-23 13:30:00,4.57,4.58,4.57,4.58,243500,4.5544,4.50805
2026-01-23 13:35:00,4.58,4.58,4.57,4.58,255100,4.555,4.5086
2026-01-23 13:40:00,4.58,4.59,4.57,4.59,991900,4.555599999999999,4.5092
2026-01-23 13:45:00,4.58,4.59,4.58,4.58,124400,4.5562000000000005,4.5097
2026-01-23 13:50:00,4.59,4.59,4.57,4.57,637000,4.5565999999999995,4.5102
2026-01-23 13:55:00,4.57,4.58,4.57,4.58,96800,4.5574,4.5107
2026-01-23 14:00:00,4.58,4.58,4.57,4.57,328200,4.557799999999999,4.51115
2026-01-23 14:05:00,4.58,4.58,4.57,4.58,214200,4.558400000000001,4.51165
2026-01-23 14:10:00,4.58,4.58,4.57,4.57,181700,4.5588,4.51215
2026-01-23 14:15:00,4.58,4.58,4.57,4.57,419200,4.559200000000001,4.512650000000001
2026-01-23 14:20:00,4.57,4.58,4.57,4.58,190800,4.5598,4.51325
2026-01-23 14:25:00,4.58,4.58,4.57,4.58,141900,4.5604,4.5138
2026-01-23 14:30:00,4.57,4.58,4.57,4.58,335500,4.561,4.51435
2026-01-23 14:35:00,4.57,4.58,4.56,4.57,817500,4.5614,4.51485
2026-01-23 14:40:00,4.57,4.57,4.56,4.57,207000,4.561599999999999,4.5154000000000005
2026-01-23 14:45:00,4.57,4.57,4.56,4.56,429300,4.561599999999999,4.515899999999999
2026-01-23 14:50:00,4.57,4.58,4.56,4.57,803000,4.562,4.5163
2026-01-23 14:55:00,4.57,4.57,4.56,4.57,452500,4.562200000000001,4.516699999999999
2026-01-23 15:00:00,4.57,4.58,4.56,4.58,986800,4.5626,4.5172
2026-01-26 09:35:00,4.55,4.57,4.53,4.54,1687400,4.5624,4.51745
2026-01-26 09:40:00,4.54,4.55,4.52,4.53,2061000,4.5618,4.5177000000000005
2026-01-26 09:45:00,4.54,4.55,4.53,4.54,586900,4.561400000000001,4.51795
2026-01-26 09:50:00,4.54,4.55,4.52,4.52,1163000,4.5606,4.5181000000000004
2026-01-26 09:55:00,4.52,4.53,4.51,4.51,1400600,4.56,4.51825
2026-01-26 10:00:00,4.51,4.53,4.51,4.52,612500,4.5594,4.5184
2026-01-26 10:05:00,4.53,4.53,4.51,4.52,774700,4.5588,4.518549999999999
2026-01-26 10:10:00,4.53,4.54,4.51,4.54,760700,4.559,4.51875
2026-01-26 10:15:00,4.53,4.54,4.52,4.52,453500,4.558400000000001,4.5188999999999995
2026-01-26 10:20:00,4.52,4.53,4.51,4.53,669600,4.558,4.51915
2026-01-26 10:25:00,4.52,4.53,4.51,4.52,274100,4.5576,4.5193
2026-01-26 10:30:00,4.52,4.52,4.51,4.51,213200,4.5569999999999995,4.51935
2026-01-26 10:35:00,4.52,4.54,4.51,4.54,369800,4.5569999999999995,4.519550000000001
2026-01-26 10:40:00,4.54,4.55,4.54,4.55,199700,4.557,4.5198
2026-01-26 10:45:00,4.54,4.55,4.54,4.54,86300,4.5568,4.52
2026-01-26 10:50:00,4.54,4.55,4.53,4.55,518100,4.5565999999999995,4.5202
2026-01-26 10:55:00,4.55,4.56,4.54,4.56,564000,4.556799999999999,4.520499999999999
2026-01-26 11:00:00,4.56,4.56,4.54,4.56,372900,4.5568,4.52085
2026-01-26 11:05:00,4.56,4.56,4.55,4.56,167000,4.5569999999999995,4.5212
2026-01-26 11:10:00,4.55,4.56,4.54,4.56,347200,4.5574,4.5216
2026-01-26 11:15:00,4.55,4.57,4.55,4.57,311200,4.5576,4.52205
2026-01-26 11:20:00,4.57,4.57,4.56,4.57,78300,4.558,4.52245
2026-01-26 11:25:00,4.57,4.57,4.56,4.56,61300,4.558,4.5228
2026-01-26 11:30:00,4.57,4.57,4.55,4.56,459600,4.5582,4.52315
